metric,label,mean,std,count
jaccard_similarity,correct,0.3071422176906242,0.0693529846522874,10
jaccard_similarity,incomplete,0.313999303448153,0.1079567029729347,10
jaccard_similarity,incorrect,0.212659854435815,0.119716168102747,10
cosine_similarity,correct,0.8231521666049957,0.0985840577088989,10
cosine_similarity,incomplete,0.7776181638240814,0.1233032978934681,10
cosine_similarity,incorrect,0.7203449249267578,0.1293442340213847,10
logic_f1,correct,0.1971428571428571,,1
logic_f1,incomplete,0.1471428571428571,,1
logic_f1,incorrect,0.05,,1
