label,cosine_similarity_mean,cosine_similarity_std,jaccard_similarity_mean,jaccard_similarity_std,logic_f1_mean,logic_f1_std
correct,0.8231521666049957,0.0985840577088989,0.3071422176906242,0.0693529846522874,0.1971428571428571,
incomplete,0.7776181638240814,0.1233032978934681,0.313999303448153,0.1079567029729347,0.1471428571428571,
incorrect,0.7203449249267578,0.1293442340213847,0.212659854435815,0.119716168102747,0.05,
