metric,label,mean,std,count
jaccard_similarity,correct,0.3236772182337973,0.0856903500995279,44
jaccard_similarity,incomplete,0.2780978260425687,0.1053519013170743,44
jaccard_similarity,incorrect,0.2053172590249561,0.076519397780932,44
cosine_similarity,correct,0.7928298237648878,0.0981934613791984,44
cosine_similarity,incomplete,0.7598572969436646,0.1160766342464097,44
cosine_similarity,incorrect,0.684423911977898,0.1336350554594103,44
logic_f1,correct,0.0265151515151515,,1
logic_f1,incomplete,0.0170454545454545,,1
logic_f1,incorrect,0.009090909090909,,1
