label,cosine_similarity_mean,cosine_similarity_std,jaccard_similarity_mean,jaccard_similarity_std,logic_f1_mean,logic_f1_std
correct,0.7928298237648878,0.0981934613791984,0.3236772182337973,0.0856903500995279,0.0265151515151515,
incomplete,0.7598572969436646,0.1160766342464097,0.2780978260425687,0.1053519013170743,0.0170454545454545,
incorrect,0.684423911977898,0.1336350554594103,0.2053172590249561,0.076519397780932,0.009090909090909,
