label,mean,std,count
correct,0.8231521666049957,0.09858405770889893,10
incomplete,0.7776181638240814,0.12330329789346814,10
incorrect,0.7203449249267578,0.1293442340213847,10
