label,mean,std,count
correct,0.7920872734652625,0.14281938567536945,9
incomplete,0.765570792886946,0.1051864215290198,9
incorrect,0.7003897693422105,0.11865482991532063,9
