label,mean,std,count
correct,0.7928298237648878,0.09819346137919842,44
incomplete,0.7598572969436646,0.11607663424640971,44
incorrect,0.684423911977898,0.1336350554594103,44
