label,mean,std,count
correct,0.7919128894805908,0.10587320905664102,10
incomplete,0.7669228851795197,0.11068922630216131,10
incorrect,0.6377306997776031,0.19233684009484237,10
