label,mean,std,count
correct,0.8185271422068278,0.08878901647919488,9
incomplete,0.7698611683315701,0.07200657773350878,9
incorrect,0.7039927509095933,0.10542794984537389,9
