,precision,precision,precision,recall,recall,recall,f1,f1,f1
,mean,std,count,mean,std,count,mean,std,count
label,,,,,,,,,
correct,0.5185185185185186,0.3455515362395758,9,0.712962962962963,0.3843986806416124,9,0.5470899470899471,0.30798559582564833,9
incomplete,0.32407407407407407,0.334488738299786,9,0.39814814814814814,0.39479640009866374,9,0.35370370370370374,0.35490391674854305,9
incorrect,0.16666666666666666,0.25,9,0.14814814814814814,0.22737091032979026,9,0.15555555555555556,0.23511226632776475,9
