label,mean,std,count
correct,0.3236772182337973,0.08569035009952798,44
incomplete,0.2780978260425687,0.10535190131707435,44
incorrect,0.20531725902495615,0.07651939778093207,44
