label,mean,std,count
correct,0.3071422176906242,0.06935298465228742,10
incomplete,0.313999303448153,0.10795670297293473,10
incorrect,0.21265985443581506,0.11971616810274706,10
