label,mean,std,count
correct,0.2981675184449562,0.07172720917455358,9
incomplete,0.25797653797653797,0.0838633381022901,9
incorrect,0.19927766539173883,0.08567976238028072,9
