label,mean,std,count
correct,0.3556624676186796,0.10652985448168424,10
incomplete,0.32387051684386536,0.07234863502805325,10
incorrect,0.17934033137903668,0.06849739393951722,10
