explanation_label,precision,recall,f1
correct,0.05555555555555555,0.05555555555555555,0.05555555555555555
incomplete,0.05555555555555555,0.05555555555555555,0.05555555555555555
incorrect,0.0,0.0,0.0
