explanation_label,mean,std,count
correct,0.1,0.21081851067789195,10
incomplete,0.05,0.15811388300841897,10
incorrect,0.11666666666666665,0.24907235301622105,10
