explanation_label,mean,std,count
correct,0.10714285714285716,0.2265035427433387,10
incomplete,0.12380952380952381,0.2238601766389173,10
incorrect,0.1,0.21081851067789195,10
