,precision,precision,precision,recall,recall,recall,f1,f1,f1
,mean,std,count,mean,std,count,mean,std,count
explanation_label,,,,,,,,,
correct,0.225,0.34316637057662985,20,0.19166666666666668,0.2925737773702188,20,0.2033333333333333,0.3058685265854523,20
incomplete,0.175,0.33541019662496846,20,0.14166666666666666,0.27717771443627454,20,0.15333333333333332,0.2932775066493043,20
incorrect,0.15,0.3284733426658931,20,0.1,0.20519567041703082,20,0.11666666666666665,0.2424292264240461,20
