explanation_label,mean,std,count
correct,0.19714285714285715,0.2577418068576916,10
incomplete,0.14714285714285716,0.240374801823057,10
incorrect,0.05,0.15811388300841897,10
