explanation_label,mean,std,count
correct,0.008680555555555556,0.04294005708843524,48
incomplete,0.01388888888888889,0.07558544812646888,48
incorrect,0.005208333333333333,0.03608439182435161,48
