explanation_label,mean,std,count
correct,0.11175595238095237,0.22135478987606633,48
incomplete,0.02470238095238095,0.09918204700650535,48
incorrect,0.03273809523809524,0.16471025714508525,48
