label,cosine_similarity_mean,cosine_similarity_std,jaccard_similarity_mean,jaccard_similarity_std,logic_f1_mean,logic_f1_std
correct,0.7776548763116201,0.1065491493881045,0.3388528965657162,0.1209015812956018,0.1117559523809523,0.2213547898760663
incomplete,0.7474904529591824,0.0972367909535383,0.2736306129770938,0.0995889887970825,0.0247023809523809,0.0991820470065053
incorrect,0.6268485678980747,0.1246486249817484,0.1817605874404224,0.0847766160067489,0.0327380952380952,0.1647102571450852
