explanation_label,mean,std,count
correct,0.1111111111111111,0.22047927592204922,9
incomplete,0.05555555555555555,0.16666666666666669,9
incorrect,0.14814814814814814,0.29397236789606557,9
