explanation_label,mean,std,count
correct,0.026515151515151512,0.11190840326429975,44
incomplete,0.017045454545454544,0.08348734886627324,44
incorrect,0.009090909090909092,0.06030226891555272,44
