explanation_label,mean,std,count
correct,0.13333333333333336,0.2,9
incomplete,0.08888888888888889,0.17638342073763938,9
incorrect,0.0,0.0,9
