explanation_label,mean,std,count
correct,0.16666666666666666,0.2721655269759087,10
incomplete,0.11666666666666665,0.24907235301622105,10
incorrect,0.11666666666666665,0.24907235301622105,10
