explanation_label,mean,std,count
correct,0.24,0.3470510689285432,10
incomplete,0.19,0.34140233677518317,10
incorrect,0.11666666666666665,0.24907235301622105,10
