explanation_label,mean,std,count
correct,0.1,0.31622776601683794,10
incomplete,0.18333333333333335,0.3374742788552765,10
incorrect,0.0,0.0,10
