explanation_label,mean,std,count
correct,0.19714285714285715,0.3492655072546144,10
incomplete,0.09714285714285716,0.20874313436643782,10
incorrect,0.05,0.15811388300841897,10
