label,mean,std,count
correct,0.7776548763116201,0.10654914938810456,48
incomplete,0.7474904529591824,0.09723679095353839,47
incorrect,0.6268485678980747,0.12464862498174847,48
