label,mean,std,count
correct,0.7776548800369104,0.10654913104638303,48
incomplete,0.7474904884683325,0.09723675257364915,47
incorrect,0.6268485505133867,0.12464861762135733,48
