label,mean,std,count
correct,0.33885289656571627,0.12090158129560181,48
incomplete,0.27363061297709385,0.0995889887970825,47
incorrect,0.18176058744042245,0.08477661600674892,48
