explanation_label,mean,std,count
correct,0.07414021164021163,0.21241391911403695,48
incomplete,0.060763888888888895,0.1591009605321036,48
incorrect,0.03819444444444444,0.16574063068175662,48
