,precision,precision,precision,recall,recall,recall,f1,f1,f1
,mean,std,count,mean,std,count,mean,std,count
explanation_label,,,,,,,,,
correct,0.1284722222222222,0.24610339975858606,48,0.10381944444444445,0.21124531086695908,48,0.11175595238095237,0.22135478987606633,48
incomplete,0.027777777777777776,0.11051851429319905,48,0.024999999999999998,0.10416843970122253,48,0.02470238095238095,0.09918204700650535,48
incorrect,0.03472222222222222,0.1717602283537409,48,0.03125,0.15999501322015988,48,0.03273809523809524,0.16471025714508525,48
