,precision,precision,precision,recall,recall,recall,f1,f1,f1
,mean,std,count,mean,std,count,mean,std,count
explanation_label,,,,,,,,,
correct,0.013888888888888888,0.07558544812646886,48,0.012499999999999999,0.07329625110148483,48,0.008680555555555554,0.042940057088435235,48
incomplete,0.020833333333333332,0.10097046826172941,48,0.012499999999999999,0.07329625110148483,48,0.013888888888888888,0.07558544812646886,48
incorrect,0.010416666666666666,0.07216878364870322,48,0.0034722222222222207,0.024056261216234394,48,0.005208333333333333,0.03608439182435161,48
