label,cosine_similarity_mean,cosine_similarity_std,jaccard_similarity_mean,jaccard_similarity_std,logic_f1_mean,logic_f1_std
correct,0.7776548800369104,0.106549131046383,0.3388528965657162,0.1209015812956018,0.0086805555555555,0.0429400570884352
incomplete,0.7474904884683325,0.0972367525736491,0.2736306129770938,0.0995889887970825,0.0138888888888888,0.0755854481264688
incorrect,0.6268485505133867,0.1246486176213573,0.1817605874404224,0.0847766160067489,0.0052083333333333,0.0360843918243516
