,precision,precision,precision,recall,recall,recall,f1,f1,f1
,mean,std,count,mean,std,count,mean,std,count
label,,,,,,,,,
correct,0.299512987012987,0.3227633495449653,44,0.29247835497835495,0.31457667292189045,44,0.27922979797979797,0.2860639080366413,44
incomplete,0.3768939393939394,0.291175464763507,44,0.3170995670995671,0.25752774235281023,44,0.32656106519742883,0.23965814643307254,44
incorrect,0.21212121212121213,0.3618850238620745,44,0.11742424242424243,0.1913151324789375,44,0.1458874458874459,0.23672271264532466,44
