,precision,precision,precision,recall,recall,recall,f1,f1,f1
,mean,std,count,mean,std,count,mean,std,count
label,,,,,,,,,
correct,0.26666666666666666,0.22152668930418762,10,0.4083333333333333,0.3736085295243316,10,0.31166666666666665,0.2610579142027708,10
incomplete,0.175,0.2498456313529873,10,0.225,0.3425800798515744,10,0.195,0.28523869146928704,10
incorrect,0.4,0.45946829173634074,10,0.275,0.3425800798515744,10,0.31666666666666665,0.3722636792833546,10
