,precision,precision,precision,recall,recall,recall,f1,f1,f1
,mean,std,count,mean,std,count,mean,std,count
label,,,,,,,,,
correct,0.3416666666666667,0.38978072341468994,10,0.4,0.39440531887330776,10,0.36333333333333334,0.3888730155490635,10
incomplete,0.25,0.22566773346211,10,0.275,0.24860723150293831,10,0.25857142857142856,0.23167045951967843,10
incorrect,0.25,0.42491829279939874,10,0.15,0.24152294576982397,10,0.18333333333333332,0.2986595567936802,10
